trial,testing,parameters,initial_deadline,final_deadline,net_reward,actions,success
1,False,"{'a': 0.6, 'e': 0.99}",25,3,-147.5024088931371,"{0: 9, 1: 2, 2: 9, 3: 1, 4: 1}",1
2,False,"{'a': 0.6, 'e': 0.9801}",25,0,-29.490323167281332,"{0: 19, 1: 2, 2: 4, 3: 0, 4: 0}",0
3,False,"{'a': 0.6, 'e': 0.9702989999999999}",25,0,-59.91000580656896,"{0: 17, 1: 2, 2: 5, 3: 1, 4: 0}",0
4,False,"{'a': 0.6, 'e': 0.96059601}",25,0,-162.8494430310204,"{0: 11, 1: 0, 2: 12, 3: 1, 4: 1}",0
5,False,"{'a': 0.6, 'e': 0.9509900498999999}",20,0,-89.71215180064002,"{0: 14, 1: 2, 2: 2, 3: 0, 4: 2}",0
6,False,"{'a': 0.6, 'e': 0.9414801494009999}",30,7,-10.444533146822154,"{0: 18, 1: 3, 2: 2, 3: 0, 4: 0}",1
7,False,"{'a': 0.6, 'e': 0.9320653479069899}",20,0,-136.10706179475625,"{0: 12, 1: 1, 2: 4, 3: 1, 4: 2}",0
8,False,"{'a': 0.6, 'e': 0.92274469442792}",20,0,-95.52774200963881,"{0: 13, 1: 0, 2: 5, 3: 1, 4: 1}",0
9,False,"{'a': 0.6, 'e': 0.9135172474836407}",25,0,-182.56081244924553,"{0: 16, 1: 2, 2: 3, 3: 0, 4: 4}",0
10,False,"{'a': 0.6, 'e': 0.9043820750088043}",20,0,-69.61232192524116,"{0: 15, 1: 0, 2: 3, 3: 1, 4: 1}",0
11,False,"{'a': 0.6, 'e': 0.8953382542587163}",20,0,-68.96243733885554,"{0: 10, 1: 4, 2: 6, 3: 0, 4: 0}",0
12,False,"{'a': 0.6, 'e': 0.8863848717161291}",25,3,-35.30243541493508,"{0: 17, 1: 1, 2: 3, 3: 1, 4: 0}",1
13,False,"{'a': 0.6, 'e': 0.8775210229989678}",20,0,-61.64579898448471,"{0: 15, 1: 0, 2: 4, 3: 0, 4: 1}",0
14,False,"{'a': 0.6, 'e': 0.8687458127689781}",25,0,-79.49062305299759,"{0: 17, 1: 3, 2: 3, 3: 1, 4: 1}",0
15,False,"{'a': 0.6, 'e': 0.8600583546412883}",25,0,-83.93342971984106,"{0: 18, 1: 1, 2: 4, 3: 1, 4: 1}",0
16,False,"{'a': 0.6, 'e': 0.8514577710948754}",20,0,-110.33378877409645,"{0: 12, 1: 1, 2: 4, 3: 2, 4: 1}",0
17,False,"{'a': 0.6, 'e': 0.8429431933839266}",20,0,-143.80778498077922,"{0: 11, 1: 0, 2: 6, 3: 1, 4: 2}",0
18,False,"{'a': 0.6, 'e': 0.8345137614500874}",25,14,-7.485234773509173,"{0: 8, 1: 1, 2: 2, 3: 0, 4: 0}",1
19,False,"{'a': 0.6, 'e': 0.8261686238355865}",30,0,-194.27256896215218,"{0: 17, 1: 2, 2: 8, 3: 0, 4: 3}",0
20,False,"{'a': 0.6, 'e': 0.8179069375972307}",25,9,-51.27470824925952,"{0: 12, 1: 0, 2: 3, 3: 0, 4: 1}",1
21,False,"{'a': 0.6, 'e': 0.8097278682212583}",20,0,-75.88467601880106,"{0: 13, 1: 2, 2: 4, 3: 0, 4: 1}",0
22,False,"{'a': 0.6, 'e': 0.8016305895390458}",25,0,-86.74308998887867,"{0: 17, 1: 3, 2: 3, 3: 1, 4: 1}",0
23,False,"{'a': 0.6, 'e': 0.7936142836436553}",20,0,-23.394376006623766,"{0: 15, 1: 2, 2: 3, 3: 0, 4: 0}",0
24,False,"{'a': 0.6, 'e': 0.7856781408072188}",30,0,-49.292423704376475,"{0: 20, 1: 4, 2: 6, 3: 0, 4: 0}",0
25,False,"{'a': 0.6, 'e': 0.7778213593991465}",35,13,-38.254846187479544,"{0: 17, 1: 3, 2: 1, 3: 0, 4: 1}",1
26,False,"{'a': 0.6, 'e': 0.7700431458051551}",20,0,-83.92428929421133,"{0: 14, 1: 1, 2: 2, 3: 2, 4: 1}",0
27,False,"{'a': 0.6, 'e': 0.7623427143471035}",25,0,-52.215316321336154,"{0: 19, 1: 1, 2: 3, 3: 2, 4: 0}",0
28,False,"{'a': 0.6, 'e': 0.7547192872036325}",35,0,-297.607779152864,"{0: 17, 1: 3, 2: 8, 3: 3, 4: 4}",0
29,False,"{'a': 0.6, 'e': 0.7471720943315961}",25,1,-54.87172021790032,"{0: 19, 1: 0, 2: 4, 3: 0, 4: 1}",1
30,False,"{'a': 0.6, 'e': 0.7397003733882802}",20,7,-135.16620615781545,"{0: 7, 1: 1, 2: 2, 3: 0, 4: 3}",1
31,False,"{'a': 0.6, 'e': 0.7323033696543974}",25,7,-8.028674591858747,"{0: 15, 1: 1, 2: 1, 3: 1, 4: 0}",1
32,False,"{'a': 0.6, 'e': 0.7249803359578534}",25,0,-78.8083297784291,"{0: 17, 1: 3, 2: 4, 3: 0, 4: 1}",0
33,False,"{'a': 0.6, 'e': 0.7177305325982748}",20,0,-89.45150587882121,"{0: 15, 1: 0, 2: 3, 3: 0, 4: 2}",0
34,False,"{'a': 0.6, 'e': 0.7105532272722921}",20,0,-52.754307747310534,"{0: 16, 1: 0, 2: 3, 3: 0, 4: 1}",0
35,False,"{'a': 0.6, 'e': 0.7034476949995692}",30,12,-82.32230660986883,"{0: 11, 1: 3, 2: 2, 3: 1, 4: 1}",1
36,False,"{'a': 0.6, 'e': 0.6964132180495735}",20,0,-135.8185232227218,"{0: 13, 1: 1, 2: 3, 3: 0, 4: 3}",0
37,False,"{'a': 0.6, 'e': 0.6894490858690777}",30,0,-56.944702733379664,"{0: 23, 1: 1, 2: 4, 3: 2, 4: 0}",0
38,False,"{'a': 0.6, 'e': 0.682554595010387}",25,0,-48.188111333268,"{0: 20, 1: 2, 2: 2, 3: 0, 4: 1}",0
39,False,"{'a': 0.6, 'e': 0.6757290490602831}",20,0,-24.061984738959065,"{0: 13, 1: 5, 2: 2, 3: 0, 4: 0}",0
40,False,"{'a': 0.6, 'e': 0.6689717585696803}",25,14,-43.94959653725845,"{0: 9, 1: 0, 2: 0, 3: 1, 4: 1}",1
41,False,"{'a': 0.6, 'e': 0.6622820409839835}",25,0,-203.9366034733586,"{0: 13, 1: 3, 2: 4, 3: 2, 4: 3}",0
42,False,"{'a': 0.6, 'e': 0.6556592205741436}",25,0,-128.9061852052711,"{0: 17, 1: 1, 2: 4, 3: 1, 4: 2}",0
43,False,"{'a': 0.6, 'e': 0.6491026283684022}",30,0,-88.64732416609388,"{0: 23, 1: 2, 2: 3, 3: 0, 4: 2}",0
44,False,"{'a': 0.6, 'e': 0.6426116020847181}",25,6,-84.19554798277933,"{0: 14, 1: 1, 2: 2, 3: 0, 4: 2}",1
45,False,"{'a': 0.6, 'e': 0.6361854860638709}",25,16,-40.86454235014025,"{0: 5, 1: 0, 2: 3, 3: 1, 4: 0}",1
46,False,"{'a': 0.6, 'e': 0.6298236312032323}",25,0,-69.84651371814195,"{0: 17, 1: 4, 2: 3, 3: 0, 4: 1}",0
47,False,"{'a': 0.6, 'e': 0.6235253948912}",20,0,-17.903204237033908,"{0: 16, 1: 0, 2: 4, 3: 0, 4: 0}",0
48,False,"{'a': 0.6, 'e': 0.617290140942288}",20,0,-64.97818686111798,"{0: 15, 1: 1, 2: 2, 3: 1, 4: 1}",0
49,False,"{'a': 0.6, 'e': 0.6111172395328651}",25,0,-13.064514055880379,"{0: 20, 1: 2, 2: 3, 3: 0, 4: 0}",0
50,False,"{'a': 0.6, 'e': 0.6050060671375365}",20,6,-9.998462715916368,"{0: 11, 1: 0, 2: 3, 3: 0, 4: 0}",1
51,False,"{'a': 0.6, 'e': 0.5989560064661611}",25,13,-0.4281248240220059,"{0: 10, 1: 1, 2: 1, 3: 0, 4: 0}",1
52,False,"{'a': 0.6, 'e': 0.5929664464014994}",35,0,-192.0425009287045,"{0: 24, 1: 1, 2: 5, 3: 2, 4: 3}",0
53,False,"{'a': 0.6, 'e': 0.5870367819374844}",25,7,-77.54700511229018,"{0: 14, 1: 0, 2: 2, 3: 0, 4: 2}",1
54,False,"{'a': 0.6, 'e': 0.5811664141181095}",20,0,-69.17496363386222,"{0: 15, 1: 0, 2: 3, 3: 1, 4: 1}",0
55,False,"{'a': 0.6, 'e': 0.5753547499769285}",25,6,-114.50213712891704,"{0: 11, 1: 4, 2: 1, 3: 1, 4: 2}",1
56,False,"{'a': 0.6, 'e': 0.5696012024771592}",20,3,-90.84992560262677,"{0: 13, 1: 0, 2: 1, 3: 1, 4: 2}",1
57,False,"{'a': 0.6, 'e': 0.5639051904523876}",20,0,-3.094447638478138,"{0: 17, 1: 1, 2: 2, 3: 0, 4: 0}",0
58,False,"{'a': 0.6, 'e': 0.5582661385478638}",25,0,-67.45717855583672,"{0: 18, 1: 1, 2: 4, 3: 2, 4: 0}",0
59,False,"{'a': 0.6, 'e': 0.5526834771623851}",25,0,-28.84376517856398,"{0: 22, 1: 0, 2: 2, 3: 0, 4: 1}",0
60,False,"{'a': 0.6, 'e': 0.5471566423907612}",30,0,-16.740733229395357,"{0: 25, 1: 2, 2: 2, 3: 1, 4: 0}",0
61,False,"{'a': 0.6, 'e': 0.5416850759668536}",20,0,-89.31999707117477,"{0: 14, 1: 2, 2: 2, 3: 0, 4: 2}",0
62,False,"{'a': 0.6, 'e': 0.536268225207185}",20,14,-3.822109263378116,"{0: 5, 1: 0, 2: 1, 3: 0, 4: 0}",1
63,False,"{'a': 0.6, 'e': 0.5309055429551132}",20,3,12.287625693175457,"{0: 16, 1: 0, 2: 1, 3: 0, 4: 0}",1
64,False,"{'a': 0.6, 'e': 0.525596487525562}",20,1,-65.2208909083032,"{0: 14, 1: 1, 2: 3, 3: 0, 4: 1}",1
65,False,"{'a': 0.6, 'e': 0.5203405226503064}",35,13,-82.63752656854916,"{0: 17, 1: 1, 2: 2, 3: 0, 4: 2}",1
66,False,"{'a': 0.6, 'e': 0.5151371174238033}",25,0,-19.998417509465963,"{0: 20, 1: 1, 2: 4, 3: 0, 4: 0}",0
67,False,"{'a': 0.6, 'e': 0.5099857462495653}",25,9,-14.271562321422541,"{0: 12, 1: 1, 2: 3, 3: 0, 4: 0}",1
68,False,"{'a': 0.6, 'e': 0.5048858887870696}",20,3,7.5866067081735125,"{0: 15, 1: 1, 2: 1, 3: 0, 4: 0}",1
69,False,"{'a': 0.6, 'e': 0.4998370298991989}",25,3,9.120506599838796,"{0: 19, 1: 1, 2: 2, 3: 0, 4: 0}",1
70,False,"{'a': 0.6, 'e': 0.49483865960020695}",20,8,-19.9700106033373,"{0: 9, 1: 1, 2: 1, 3: 1, 4: 0}",1
71,False,"{'a': 0.6, 'e': 0.4898902730042049}",30,20,8.79048260025375,"{0: 9, 1: 1, 2: 0, 3: 0, 4: 0}",1
72,False,"{'a': 0.6, 'e': 0.48499137027416284}",20,11,-5.4160910728947655,"{0: 7, 1: 1, 2: 1, 3: 0, 4: 0}",1
73,False,"{'a': 0.6, 'e': 0.4801414565714212}",30,0,-114.5504510006474,"{0: 21, 1: 3, 2: 3, 3: 1, 4: 2}",0
74,False,"{'a': 0.6, 'e': 0.475340042005707}",25,17,-4.969902974994034,"{0: 6, 1: 1, 2: 1, 3: 0, 4: 0}",1
75,False,"{'a': 0.6, 'e': 0.47058664158564995}",25,13,8.017293555760265,"{0: 11, 1: 0, 2: 1, 3: 0, 4: 0}",1
76,False,"{'a': 0.6, 'e': 0.4658807751697934}",20,0,-6.322577986905749,"{0: 18, 1: 0, 2: 1, 3: 1, 4: 0}",0
77,False,"{'a': 0.6, 'e': 0.4612219674180955}",25,2,-51.91617765947699,"{0: 18, 1: 0, 2: 4, 3: 0, 4: 1}",1
78,False,"{'a': 0.6, 'e': 0.45660974774391455}",20,0,-68.05896952897068,"{0: 15, 1: 0, 2: 3, 3: 1, 4: 1}",0
79,False,"{'a': 0.6, 'e': 0.4520436502664754}",20,8,-40.96177375766,"{0: 8, 1: 3, 2: 0, 3: 0, 4: 1}",1
80,False,"{'a': 0.6, 'e': 0.44752321376381066}",20,6,21.89961901601956,"{0: 14, 1: 0, 2: 0, 3: 0, 4: 0}",1
81,False,"{'a': 0.6, 'e': 0.44304798162617254}",30,0,-17.30390055641312,"{0: 28, 1: 0, 2: 1, 3: 0, 4: 1}",0
82,False,"{'a': 0.6, 'e': 0.4386175018099108}",25,8,26.63950216439935,"{0: 17, 1: 0, 2: 0, 3: 0, 4: 0}",1
83,False,"{'a': 0.6, 'e': 0.4342313267918117}",25,8,7.10551130334332,"{0: 14, 1: 2, 2: 1, 3: 0, 4: 0}",1
84,False,"{'a': 0.6, 'e': 0.4298890135238936}",20,16,8.210176227299204,"{0: 4, 1: 0, 2: 0, 3: 0, 4: 0}",1
85,False,"{'a': 0.6, 'e': 0.42559012338865465}",20,0,-6.389305804000134,"{0: 18, 1: 0, 2: 1, 3: 1, 4: 0}",0
86,False,"{'a': 0.6, 'e': 0.4213342221547681}",20,0,-75.39447758868644,"{0: 14, 1: 0, 2: 4, 3: 1, 4: 1}",0
87,False,"{'a': 0.6, 'e': 0.41712087993322045}",25,3,-31.435446255820583,"{0: 18, 1: 1, 2: 2, 3: 0, 4: 1}",1
88,False,"{'a': 0.6, 'e': 0.41294967113388825}",20,0,29.20767243287133,"{0: 20, 1: 0, 2: 0, 3: 0, 4: 0}",0
89,False,"{'a': 0.6, 'e': 0.40882017442254937}",25,2,-13.4864255033354,"{0: 20, 1: 0, 2: 2, 3: 1, 4: 0}",1
90,False,"{'a': 0.6, 'e': 0.4047319726783239}",35,13,-57.13420328544285,"{0: 16, 1: 1, 2: 4, 3: 0, 4: 1}",1
91,False,"{'a': 0.6, 'e': 0.40068465295154065}",25,0,23.96395234297816,"{0: 24, 1: 0, 2: 1, 3: 0, 4: 0}",0
92,False,"{'a': 0.6, 'e': 0.39667780642202527}",25,11,-36.08983437929512,"{0: 11, 1: 0, 2: 2, 3: 0, 4: 1}",1
93,False,"{'a': 0.6, 'e': 0.392711028357805}",20,5,21.14932373993371,"{0: 15, 1: 0, 2: 0, 3: 0, 4: 0}",1
94,False,"{'a': 0.6, 'e': 0.38878391807422696}",20,0,-73.06954198828178,"{0: 14, 1: 1, 2: 3, 3: 1, 4: 1}",0
95,False,"{'a': 0.6, 'e': 0.3848960788934847}",30,0,-92.68695378965714,"{0: 24, 1: 0, 2: 4, 3: 0, 4: 2}",0
96,False,"{'a': 0.6, 'e': 0.38104711810454983}",30,0,-93.6493726041233,"{0: 24, 1: 1, 2: 2, 3: 1, 4: 2}",0
97,False,"{'a': 0.6, 'e': 0.37723664692350434}",30,9,20.997669261531442,"{0: 20, 1: 0, 2: 0, 3: 1, 4: 0}",1
98,False,"{'a': 0.6, 'e': 0.37346428045426927}",25,0,-194.5546884081951,"{0: 18, 1: 0, 2: 2, 3: 0, 4: 5}",0
99,False,"{'a': 0.6, 'e': 0.36972963764972655}",25,11,-62.750755485221035,"{0: 12, 1: 0, 2: 0, 3: 0, 4: 2}",1
100,False,"{'a': 0.6, 'e': 0.36603234127322926}",25,0,-20.616293747589854,"{0: 22, 1: 0, 2: 1, 3: 2, 4: 0}",0
101,False,"{'a': 0.6, 'e': 0.36237201786049694}",25,0,-35.360084072147714,"{0: 21, 1: 1, 2: 2, 3: 0, 4: 1}",0
102,False,"{'a': 0.6, 'e': 0.358748297681892}",30,18,-14.03580793672094,"{0: 10, 1: 0, 2: 1, 3: 1, 4: 0}",1
103,False,"{'a': 0.6, 'e': 0.35516081470507305}",25,20,12.447435485215674,"{0: 5, 1: 0, 2: 0, 3: 0, 4: 0}",1
104,False,"{'a': 0.6, 'e': 0.3516092065580223}",25,0,-34.07533176785463,"{0: 22, 1: 0, 2: 1, 3: 1, 4: 1}",0
105,False,"{'a': 0.6, 'e': 0.34809311449244207}",20,0,1.8579729584714202,"{0: 18, 1: 0, 2: 2, 3: 0, 4: 0}",0
106,False,"{'a': 0.6, 'e': 0.34461218334751764}",25,16,-26.80633177275467,"{0: 8, 1: 0, 2: 0, 3: 0, 4: 1}",1
107,False,"{'a': 0.6, 'e': 0.34116606151404244}",20,11,2.515081974453059,"{0: 8, 1: 0, 2: 1, 3: 0, 4: 0}",1
108,False,"{'a': 0.6, 'e': 0.337754400898902}",25,0,-7.538773213892911,"{0: 21, 1: 2, 2: 1, 3: 1, 4: 0}",0
109,False,"{'a': 0.6, 'e': 0.334376856889913}",20,0,-27.794781206047176,"{0: 17, 1: 2, 2: 0, 3: 0, 4: 1}",0
110,False,"{'a': 0.6, 'e': 0.33103308832101386}",25,17,14.770682670266996,"{0: 8, 1: 0, 2: 0, 3: 0, 4: 0}",1
111,False,"{'a': 0.6, 'e': 0.3277227574378037}",20,0,-12.065315470227358,"{0: 17, 1: 0, 2: 3, 3: 0, 4: 0}",0
112,False,"{'a': 0.6, 'e': 0.3244455298634257}",25,0,0.6388964439390339,"{0: 22, 1: 0, 2: 3, 3: 0, 4: 0}",0
113,False,"{'a': 0.6, 'e': 0.3212010745647914}",20,8,9.82465381251481,"{0: 11, 1: 0, 2: 1, 3: 0, 4: 0}",1
114,False,"{'a': 0.6, 'e': 0.3179890638191435}",20,11,-1.8783158011079615,"{0: 7, 1: 0, 2: 2, 3: 0, 4: 0}",1
115,False,"{'a': 0.6, 'e': 0.31480917318095203}",30,22,3.397082044611072,"{0: 7, 1: 0, 2: 1, 3: 0, 4: 0}",1
116,False,"{'a': 0.6, 'e': 0.3116610814491425}",25,18,13.84225441575985,"{0: 7, 1: 0, 2: 0, 3: 0, 4: 0}",1
117,False,"{'a': 0.6, 'e': 0.30854447063465107}",20,0,-64.16243241628446,"{0: 17, 1: 0, 2: 1, 3: 0, 4: 2}",1
118,False,"{'a': 0.6, 'e': 0.30545902592830454}",30,16,7.97493517054329,"{0: 12, 1: 1, 2: 1, 3: 0, 4: 0}",1
119,False,"{'a': 0.6, 'e': 0.3024044356690215}",25,16,11.12627291679225,"{0: 8, 1: 1, 2: 0, 3: 0, 4: 0}",1
120,False,"{'a': 0.6, 'e': 0.29938039131233124}",35,0,-11.344863820899194,"{0: 30, 1: 0, 2: 4, 3: 1, 4: 0}",0
121,False,"{'a': 0.6, 'e': 0.2963865873992079}",25,0,-54.26568427305224,"{0: 19, 1: 1, 2: 4, 3: 0, 4: 1}",0
122,False,"{'a': 0.6, 'e': 0.29342272152521587}",25,20,7.819209548234448,"{0: 5, 1: 0, 2: 0, 3: 0, 4: 0}",1
123,False,"{'a': 0.6, 'e': 0.2904884943099637}",25,8,16.986963602786794,"{0: 16, 1: 0, 2: 1, 3: 0, 4: 0}",1
124,False,"{'a': 0.6, 'e': 0.28758360936686406}",25,11,21.81691245229083,"{0: 14, 1: 0, 2: 0, 3: 0, 4: 0}",1
125,False,"{'a': 0.6, 'e': 0.2847077732731954}",20,0,-10.11004978757569,"{0: 17, 1: 0, 2: 3, 3: 0, 4: 0}",1
126,False,"{'a': 0.6, 'e': 0.28186069554046345}",20,0,23.856352113068187,"{0: 19, 1: 1, 2: 0, 3: 0, 4: 0}",0
127,False,"{'a': 0.6, 'e': 0.2790420885850588}",20,0,-26.988648244256176,"{0: 18, 1: 0, 2: 1, 3: 0, 4: 1}",0
128,False,"{'a': 0.6, 'e': 0.2762516676992082}",30,0,-30.037797301869524,"{0: 26, 1: 0, 2: 3, 3: 0, 4: 1}",0
129,False,"{'a': 0.6, 'e': 0.27348915102221616}",20,14,13.09546264371781,"{0: 6, 1: 0, 2: 0, 3: 0, 4: 0}",1
130,False,"{'a': 0.6, 'e': 0.270754259511994}",20,9,-2.5359008923085353,"{0: 9, 1: 0, 2: 2, 3: 0, 4: 0}",1
131,False,"{'a': 0.6, 'e': 0.26804671691687404}",20,14,7.624188196072864,"{0: 6, 1: 0, 2: 0, 3: 0, 4: 0}",1
132,False,"{'a': 0.6, 'e': 0.2653662497477053}",20,3,11.008215630562256,"{0: 15, 1: 1, 2: 1, 3: 0, 4: 0}",1
133,False,"{'a': 0.6, 'e': 0.2627125872502282}",20,6,-19.62355806473552,"{0: 10, 1: 1, 2: 3, 3: 0, 4: 0}",1
134,False,"{'a': 0.6, 'e': 0.2600854613777259}",20,0,-48.26345707253873,"{0: 16, 1: 0, 2: 3, 3: 0, 4: 1}",0
135,False,"{'a': 0.6, 'e': 0.2574846067639487}",25,0,-10.621014143678044,"{0: 23, 1: 0, 2: 1, 3: 0, 4: 1}",0
136,False,"{'a': 0.6, 'e': 0.2549097606963092}",30,16,13.345349611489326,"{0: 13, 1: 0, 2: 1, 3: 0, 4: 0}",1
137,False,"{'a': 0.6, 'e': 0.2523606630893461}",20,14,11.246249911949104,"{0: 6, 1: 0, 2: 0, 3: 0, 4: 0}",1
138,False,"{'a': 0.6, 'e': 0.24983705645845267}",20,8,0.9041618805841398,"{0: 10, 1: 1, 2: 1, 3: 0, 4: 0}",1
139,False,"{'a': 0.6, 'e': 0.24733868589386815}",20,12,3.2928590795402872,"{0: 7, 1: 0, 2: 1, 3: 0, 4: 0}",1
140,False,"{'a': 0.6, 'e': 0.24486529903492946}",30,0,0.1238318221454846,"{0: 26, 1: 2, 2: 1, 3: 1, 4: 0}",0
141,False,"{'a': 0.6, 'e': 0.24241664604458016}",20,2,11.061509173934033,"{0: 16, 1: 0, 2: 2, 3: 0, 4: 0}",1
142,False,"{'a': 0.6, 'e': 0.23999247958413436}",20,16,9.064883858786299,"{0: 4, 1: 0, 2: 0, 3: 0, 4: 0}",1
143,False,"{'a': 0.6, 'e': 0.23759255478829303}",20,6,6.752005222426837,"{0: 12, 1: 1, 2: 1, 3: 0, 4: 0}",1
144,False,"{'a': 0.6, 'e': 0.2352166292404101}",25,7,20.584351670643933,"{0: 17, 1: 0, 2: 1, 3: 0, 4: 0}",1
145,False,"{'a': 0.6, 'e': 0.232864462948006}",20,9,20.84782096360043,"{0: 11, 1: 0, 2: 0, 3: 0, 4: 0}",1
146,False,"{'a': 0.6, 'e': 0.23053581831852593}",25,5,35.1615526598883,"{0: 20, 1: 0, 2: 0, 3: 0, 4: 0}",1
147,False,"{'a': 0.6, 'e': 0.22823046013534068}",25,8,6.786554627211812,"{0: 15, 1: 0, 2: 2, 3: 0, 4: 0}",1
148,False,"{'a': 0.6, 'e': 0.22594815553398728}",30,13,19.479271966915938,"{0: 16, 1: 0, 2: 1, 3: 0, 4: 0}",1
149,False,"{'a': 0.6, 'e': 0.22368867397864742}",35,13,40.65330911932152,"{0: 22, 1: 0, 2: 0, 3: 0, 4: 0}",1
150,False,"{'a': 0.6, 'e': 0.22145178723886094}",35,10,-27.053720783308634,"{0: 23, 1: 0, 2: 0, 3: 1, 4: 1}",1
151,False,"{'a': 0.6, 'e': 0.21923726936647234}",20,0,6.217262999420966,"{0: 18, 1: 0, 2: 2, 3: 0, 4: 0}",0
152,False,"{'a': 0.6, 'e': 0.2170448966728076}",20,15,8.486092137688443,"{0: 5, 1: 0, 2: 0, 3: 0, 4: 0}",1
153,False,"{'a': 0.6, 'e': 0.21487444770607952}",30,13,-60.04523422591711,"{0: 15, 1: 0, 2: 0, 3: 0, 4: 2}",1
154,False,"{'a': 0.6, 'e': 0.21272570322901874}",20,0,10.669355306255412,"{0: 18, 1: 1, 2: 1, 3: 0, 4: 0}",0
155,False,"{'a': 0.6, 'e': 0.21059844619672854}",25,3,28.246877177025635,"{0: 21, 1: 0, 2: 1, 3: 0, 4: 0}",1
156,False,"{'a': 0.6, 'e': 0.20849246173476127}",25,10,11.725708445003814,"{0: 14, 1: 0, 2: 1, 3: 0, 4: 0}",1
157,False,"{'a': 0.6, 'e': 0.20640753711741366}",25,7,-9.02725624668459,"{0: 17, 1: 0, 2: 0, 3: 0, 4: 1}",1
158,False,"{'a': 0.6, 'e': 0.20434346174623952}",20,14,9.203490034587716,"{0: 6, 1: 0, 2: 0, 3: 0, 4: 0}",1
159,False,"{'a': 0.6, 'e': 0.20230002712877712}",30,0,32.42455905920897,"{0: 28, 1: 1, 2: 1, 3: 0, 4: 0}",0
160,False,"{'a': 0.6, 'e': 0.20027702685748935}",30,16,22.656916401930037,"{0: 14, 1: 0, 2: 0, 3: 0, 4: 0}",1
161,False,"{'a': 0.6, 'e': 0.19827425658891445}",25,11,-28.746708734467813,"{0: 12, 1: 0, 2: 1, 3: 0, 4: 1}",1
162,False,"{'a': 0.6, 'e': 0.1962915140230253}",20,1,5.48484013332844,"{0: 17, 1: 0, 2: 2, 3: 0, 4: 0}",1
163,False,"{'a': 0.6, 'e': 0.19432859888279505}",30,18,10.64922521012643,"{0: 11, 1: 0, 2: 1, 3: 0, 4: 0}",1
164,False,"{'a': 0.6, 'e': 0.1923853128939671}",25,15,-12.580908556302436,"{0: 8, 1: 0, 2: 1, 3: 1, 4: 0}",1
165,False,"{'a': 0.6, 'e': 0.19046145976502743}",20,6,24.025248532984488,"{0: 14, 1: 0, 2: 0, 3: 0, 4: 0}",1
166,False,"{'a': 0.6, 'e': 0.18855684516737714}",30,20,11.594854715110467,"{0: 9, 1: 1, 2: 0, 3: 0, 4: 0}",1
167,False,"{'a': 0.6, 'e': 0.18667127671570335}",25,13,9.564071528360746,"{0: 11, 1: 0, 2: 1, 3: 0, 4: 0}",1
168,False,"{'a': 0.6, 'e': 0.18480456394854633}",25,8,7.298435669541782,"{0: 16, 1: 0, 2: 0, 3: 1, 4: 0}",1
169,False,"{'a': 0.6, 'e': 0.18295651830906087}",25,15,21.90945891471161,"{0: 10, 1: 0, 2: 0, 3: 0, 4: 0}",1
170,False,"{'a': 0.6, 'e': 0.18112695312597027}",30,13,-15.700014702776238,"{0: 14, 1: 0, 2: 2, 3: 1, 4: 0}",1
171,False,"{'a': 0.6, 'e': 0.17931568359471056}",20,11,17.449399587747166,"{0: 9, 1: 0, 2: 0, 3: 0, 4: 0}",1
172,False,"{'a': 0.6, 'e': 0.17752252675876345}",25,15,16.970236835048727,"{0: 10, 1: 0, 2: 0, 3: 0, 4: 0}",1
173,False,"{'a': 0.6, 'e': 0.17574730149117582}",20,0,20.592426141954356,"{0: 19, 1: 0, 2: 1, 3: 0, 4: 0}",0
174,False,"{'a': 0.6, 'e': 0.17398982847626407}",30,20,7.211298839941128,"{0: 9, 1: 0, 2: 1, 3: 0, 4: 0}",1
175,False,"{'a': 0.6, 'e': 0.17224993019150142}",20,16,8.499376016246782,"{0: 4, 1: 0, 2: 0, 3: 0, 4: 0}",1
176,False,"{'a': 0.6, 'e': 0.1705274308895864}",30,16,25.518874956040005,"{0: 14, 1: 0, 2: 0, 3: 0, 4: 0}",1
177,False,"{'a': 0.6, 'e': 0.16882215658069055}",25,18,10.525560199566563,"{0: 7, 1: 0, 2: 0, 3: 0, 4: 0}",1
178,False,"{'a': 0.6, 'e': 0.16713393501488363}",20,5,28.13310159200078,"{0: 15, 1: 0, 2: 0, 3: 0, 4: 0}",1
179,False,"{'a': 0.6, 'e': 0.16546259566473479}",25,13,-3.587167174121568,"{0: 10, 1: 0, 2: 2, 3: 0, 4: 0}",1
180,False,"{'a': 0.6, 'e': 0.16380796970808745}",25,9,30.538815290904207,"{0: 16, 1: 0, 2: 0, 3: 0, 4: 0}",1
181,False,"{'a': 0.6, 'e': 0.16216989001100657}",20,4,26.413671870630616,"{0: 16, 1: 0, 2: 0, 3: 0, 4: 0}",1
182,False,"{'a': 0.6, 'e': 0.1605481911108965}",25,20,8.610912240680577,"{0: 5, 1: 0, 2: 0, 3: 0, 4: 0}",1
183,False,"{'a': 0.6, 'e': 0.15894270919978754}",35,20,25.937536303349837,"{0: 15, 1: 0, 2: 0, 3: 0, 4: 0}",1
184,False,"{'a': 0.6, 'e': 0.15735328210778965}",25,3,-94.44533281550011,"{0: 17, 1: 0, 2: 2, 3: 1, 4: 2}",1
185,False,"{'a': 0.6, 'e': 0.15577974928671176}",20,6,30.081727445933097,"{0: 14, 1: 0, 2: 0, 3: 0, 4: 0}",1
186,False,"{'a': 0.6, 'e': 0.15422195179384465}",20,10,-21.692269733359105,"{0: 9, 1: 0, 2: 0, 3: 0, 4: 1}",1
187,False,"{'a': 0.6, 'e': 0.1526797322759062}",35,21,-13.944746202860918,"{0: 13, 1: 0, 2: 0, 3: 0, 4: 1}",1
188,False,"{'a': 0.6, 'e': 0.15115293495314713}",20,8,-11.526243087369433,"{0: 10, 1: 0, 2: 1, 3: 1, 4: 0}",1
189,False,"{'a': 0.6, 'e': 0.14964140560361566}",20,8,6.076522506367265,"{0: 11, 1: 0, 2: 1, 3: 0, 4: 0}",1
190,False,"{'a': 0.6, 'e': 0.1481449915475795}",25,8,7.772442345596367,"{0: 16, 1: 0, 2: 0, 3: 1, 4: 0}",1
191,False,"{'a': 0.6, 'e': 0.1466635416321037}",35,17,30.720452185087044,"{0: 18, 1: 0, 2: 0, 3: 0, 4: 0}",1
192,False,"{'a': 0.6, 'e': 0.14519690621578268}",20,11,18.57842142821808,"{0: 9, 1: 0, 2: 0, 3: 0, 4: 0}",1
193,False,"{'a': 0.6, 'e': 0.14374493715362485}",25,7,-61.32164960485264,"{0: 15, 1: 0, 2: 1, 3: 0, 4: 2}",1
194,False,"{'a': 0.6, 'e': 0.1423074877820886}",25,13,25.253237464627382,"{0: 12, 1: 0, 2: 0, 3: 0, 4: 0}",1
195,False,"{'a': 0.6, 'e': 0.1408844129042677}",30,17,17.56992928147542,"{0: 12, 1: 1, 2: 0, 3: 0, 4: 0}",1
196,False,"{'a': 0.6, 'e': 0.13947556877522502}",25,2,27.060204580968193,"{0: 22, 1: 0, 2: 1, 3: 0, 4: 0}",1
197,False,"{'a': 0.6, 'e': 0.13808081308747278}",20,14,10.780640101713981,"{0: 6, 1: 0, 2: 0, 3: 0, 4: 0}",1
198,False,"{'a': 0.6, 'e': 0.13670000495659804}",30,20,15.447284442995471,"{0: 10, 1: 0, 2: 0, 3: 0, 4: 0}",1
199,False,"{'a': 0.6, 'e': 0.13533300490703207}",25,3,37.579344640230225,"{0: 22, 1: 0, 2: 0, 3: 0, 4: 0}",1
200,False,"{'a': 0.6, 'e': 0.13397967485796175}",25,17,17.351314835936712,"{0: 8, 1: 0, 2: 0, 3: 0, 4: 0}",1
201,False,"{'a': 0.6, 'e': 0.13263987810938213}",25,11,25.73423903523392,"{0: 14, 1: 0, 2: 0, 3: 0, 4: 0}",1
202,False,"{'a': 0.6, 'e': 0.1313134793282883}",20,9,21.28314842499836,"{0: 11, 1: 0, 2: 0, 3: 0, 4: 0}",1
203,False,"{'a': 0.6, 'e': 0.13000034453500542}",30,0,-2.4948019712711784,"{0: 28, 1: 1, 2: 0, 3: 0, 4: 1}",0
204,False,"{'a': 0.6, 'e': 0.12870034108965536}",30,17,-21.292813161036825,"{0: 12, 1: 0, 2: 0, 3: 0, 4: 1}",1
205,False,"{'a': 0.6, 'e': 0.12741333767875881}",25,8,19.453886993256354,"{0: 16, 1: 0, 2: 1, 3: 0, 4: 0}",1
206,False,"{'a': 0.6, 'e': 0.12613920430197123}",25,14,8.249815069757,"{0: 10, 1: 0, 2: 1, 3: 0, 4: 0}",1
207,False,"{'a': 0.6, 'e': 0.12487781225895152}",20,0,-110.9348780001814,"{0: 15, 1: 1, 2: 1, 3: 0, 4: 3}",0
208,False,"{'a': 0.6, 'e': 0.123629034136362}",30,23,10.372352905962131,"{0: 7, 1: 0, 2: 0, 3: 0, 4: 0}",1
209,False,"{'a': 0.6, 'e': 0.12239274379499838}",20,1,20.210077770068096,"{0: 18, 1: 0, 2: 1, 3: 0, 4: 0}",1
210,False,"{'a': 0.6, 'e': 0.1211688163570484}",20,0,-18.760167836875283,"{0: 18, 1: 0, 2: 1, 3: 0, 4: 1}",0
211,False,"{'a': 0.6, 'e': 0.11995712819347792}",35,26,17.612141535199857,"{0: 9, 1: 0, 2: 0, 3: 0, 4: 0}",1
212,False,"{'a': 0.6, 'e': 0.11875755691154315}",25,12,19.90115241440016,"{0: 12, 1: 1, 2: 0, 3: 0, 4: 0}",1
213,False,"{'a': 0.6, 'e': 0.11756998134242772}",20,13,5.770360043433646,"{0: 6, 1: 1, 2: 0, 3: 0, 4: 0}",1
214,False,"{'a': 0.6, 'e': 0.11639428152900344}",25,11,-18.579299469188356,"{0: 11, 1: 0, 2: 2, 3: 1, 4: 0}",1
215,False,"{'a': 0.6, 'e': 0.11523033871371341}",30,20,21.77081650047662,"{0: 10, 1: 0, 2: 0, 3: 0, 4: 0}",1
216,False,"{'a': 0.6, 'e': 0.11407803532657627}",25,12,26.66102698964475,"{0: 13, 1: 0, 2: 0, 3: 0, 4: 0}",1
217,False,"{'a': 0.6, 'e': 0.11293725497331052}",20,7,26.339899333426157,"{0: 13, 1: 0, 2: 0, 3: 0, 4: 0}",1
218,False,"{'a': 0.6, 'e': 0.1118078824235774}",30,13,30.445217189243255,"{0: 17, 1: 0, 2: 0, 3: 0, 4: 0}",1
219,False,"{'a': 0.6, 'e': 0.11068980359934164}",25,11,-23.96345691505886,"{0: 12, 1: 0, 2: 1, 3: 0, 4: 1}",1
220,False,"{'a': 0.6, 'e': 0.10958290556334822}",20,9,8.08119887176574,"{0: 10, 1: 0, 2: 1, 3: 0, 4: 0}",1
221,False,"{'a': 0.6, 'e': 0.10848707650771475}",25,3,-70.66713006497856,"{0: 18, 1: 1, 2: 0, 3: 1, 4: 2}",1
222,False,"{'a': 0.6, 'e': 0.1074022057426376}",20,0,-0.6173190131291206,"{0: 18, 1: 1, 2: 0, 3: 1, 4: 0}",0
223,False,"{'a': 0.6, 'e': 0.10632818368521123}",20,10,15.850915326085127,"{0: 10, 1: 0, 2: 0, 3: 0, 4: 0}",1
224,False,"{'a': 0.6, 'e': 0.10526490184835911}",20,11,17.322865123383075,"{0: 9, 1: 0, 2: 0, 3: 0, 4: 0}",1
225,False,"{'a': 0.6, 'e': 0.10421225282987552}",20,14,12.284153863599002,"{0: 6, 1: 0, 2: 0, 3: 0, 4: 0}",1
226,False,"{'a': 0.6, 'e': 0.10317013030157676}",20,0,24.636645128642726,"{0: 20, 1: 0, 2: 0, 3: 0, 4: 0}",0
227,False,"{'a': 0.6, 'e': 0.10213842899856099}",20,10,6.328727775608454,"{0: 9, 1: 0, 2: 1, 3: 0, 4: 0}",1
228,False,"{'a': 0.6, 'e': 0.10111704470857538}",20,10,17.530865292638367,"{0: 10, 1: 0, 2: 0, 3: 0, 4: 0}",1
229,False,"{'a': 0.6, 'e': 0.10010587426148963}",20,8,8.21179530433214,"{0: 11, 1: 0, 2: 1, 3: 0, 4: 0}",1
230,False,"{'a': 0.6, 'e': 0.09910481551887473}",20,0,26.25462195114095,"{0: 20, 1: 0, 2: 0, 3: 0, 4: 0}",0
231,False,"{'a': 0.6, 'e': 0.09811376736368599}",20,14,11.594340639648951,"{0: 6, 1: 0, 2: 0, 3: 0, 4: 0}",1
232,False,"{'a': 0.6, 'e': 0.09713262969004913}",20,3,26.80819637347355,"{0: 17, 1: 0, 2: 0, 3: 0, 4: 0}",1
233,False,"{'a': 0.6, 'e': 0.09616130339314863}",30,17,27.139598875885227,"{0: 13, 1: 0, 2: 0, 3: 0, 4: 0}",1
234,False,"{'a': 0.6, 'e': 0.09519969035921715}",25,16,19.982611993794006,"{0: 9, 1: 0, 2: 0, 3: 0, 4: 0}",1
235,False,"{'a': 0.6, 'e': 0.09424769345562498}",25,18,16.602166543571204,"{0: 7, 1: 0, 2: 0, 3: 0, 4: 0}",1
236,False,"{'a': 0.6, 'e': 0.09330521652106873}",25,8,-6.895371478360576,"{0: 14, 1: 1, 2: 2, 3: 0, 4: 0}",1
237,False,"{'a': 0.6, 'e': 0.09237216435585804}",25,16,17.771049091619606,"{0: 9, 1: 0, 2: 0, 3: 0, 4: 0}",1
238,False,"{'a': 0.6, 'e': 0.09144844271229946}",35,15,36.52185568888906,"{0: 20, 1: 0, 2: 0, 3: 0, 4: 0}",1
239,False,"{'a': 0.6, 'e': 0.09053395828517646}",30,17,-0.04613087536558291,"{0: 11, 1: 0, 2: 2, 3: 0, 4: 0}",1
240,False,"{'a': 0.6, 'e': 0.08962861870232469}",20,0,22.567175519125065,"{0: 19, 1: 1, 2: 0, 3: 0, 4: 0}",0
241,False,"{'a': 0.6, 'e': 0.08873233251530144}",20,11,20.283269500608714,"{0: 9, 1: 0, 2: 0, 3: 0, 4: 0}",1
242,False,"{'a': 0.6, 'e': 0.08784500919014843}",25,11,10.892734111807473,"{0: 13, 1: 0, 2: 1, 3: 0, 4: 0}",1
243,False,"{'a': 0.6, 'e': 0.08696655909824694}",30,12,23.334812199756634,"{0: 17, 1: 0, 2: 1, 3: 0, 4: 0}",1
244,False,"{'a': 0.6, 'e': 0.08609689350726446}",25,1,17.83726954851241,"{0: 22, 1: 0, 2: 2, 3: 0, 4: 0}",1
245,False,"{'a': 0.6, 'e': 0.08523592457219181}",25,18,12.566263150210409,"{0: 7, 1: 0, 2: 0, 3: 0, 4: 0}",1
246,False,"{'a': 0.6, 'e': 0.0843835653264699}",20,10,-21.005001816187573,"{0: 9, 1: 0, 2: 0, 3: 0, 4: 1}",1
247,False,"{'a': 0.6, 'e': 0.0835397296732052}",30,16,11.49806024521116,"{0: 13, 1: 0, 2: 1, 3: 0, 4: 0}",1
248,False,"{'a': 0.6, 'e': 0.08270433237647315}",20,15,10.870962538394405,"{0: 5, 1: 0, 2: 0, 3: 0, 4: 0}",1
249,False,"{'a': 0.6, 'e': 0.08187728905270841}",25,19,14.178643944485872,"{0: 6, 1: 0, 2: 0, 3: 0, 4: 0}",1
250,False,"{'a': 0.6, 'e': 0.08105851616218133}",20,8,17.568659119733894,"{0: 11, 1: 1, 2: 0, 3: 0, 4: 0}",1
251,False,"{'a': 0.6, 'e': 0.08024793100055952}",30,16,15.638012546865692,"{0: 13, 1: 0, 2: 1, 3: 0, 4: 0}",1
252,False,"{'a': 0.6, 'e': 0.07944545169055392}",20,8,21.97954347103368,"{0: 12, 1: 0, 2: 0, 3: 0, 4: 0}",1
253,False,"{'a': 0.6, 'e': 0.07865099717364837}",25,11,26.890095878879308,"{0: 14, 1: 0, 2: 0, 3: 0, 4: 0}",1
254,False,"{'a': 0.6, 'e': 0.07786448720191189}",30,14,13.152246331878647,"{0: 15, 1: 0, 2: 1, 3: 0, 4: 0}",1
255,False,"{'a': 0.6, 'e': 0.07708584232989277}",20,5,13.93128246289048,"{0: 14, 1: 0, 2: 1, 3: 0, 4: 0}",1
256,False,"{'a': 0.6, 'e': 0.07631498390659384}",25,16,23.567547260248976,"{0: 9, 1: 0, 2: 0, 3: 0, 4: 0}",1
257,False,"{'a': 0.6, 'e': 0.07555183406752791}",25,13,2.170183366213798,"{0: 11, 1: 0, 2: 0, 3: 1, 4: 0}",1
258,False,"{'a': 0.6, 'e': 0.07479631572685264}",20,9,16.848070498025724,"{0: 10, 1: 1, 2: 0, 3: 0, 4: 0}",1
259,False,"{'a': 0.6, 'e': 0.07404835256958411}",30,12,5.010803257827652,"{0: 16, 1: 1, 2: 0, 3: 1, 4: 0}",1
260,False,"{'a': 0.6, 'e': 0.07330786904388827}",30,18,20.312869820616246,"{0: 12, 1: 0, 2: 0, 3: 0, 4: 0}",1
261,False,"{'a': 0.6, 'e': 0.07257479035344938}",30,15,28.25883044051612,"{0: 15, 1: 0, 2: 0, 3: 0, 4: 0}",1
262,False,"{'a': 0.6, 'e': 0.07184904244991488}",20,3,16.684816736826974,"{0: 16, 1: 0, 2: 1, 3: 0, 4: 0}",1
263,False,"{'a': 0.6, 'e': 0.07113055202541574}",20,14,11.218106223801477,"{0: 6, 1: 0, 2: 0, 3: 0, 4: 0}",1
264,False,"{'a': 0.6, 'e': 0.07041924650516158}",25,3,-47.816023302784,"{0: 20, 1: 0, 2: 0, 3: 0, 4: 2}",1
265,False,"{'a': 0.6, 'e': 0.06971505404010997}",20,0,26.786185556855212,"{0: 20, 1: 0, 2: 0, 3: 0, 4: 0}",0
266,False,"{'a': 0.6, 'e': 0.06901790349970886}",20,16,7.239112192151232,"{0: 4, 1: 0, 2: 0, 3: 0, 4: 0}",1
267,False,"{'a': 0.6, 'e': 0.06832772446471178}",20,13,14.583202867737556,"{0: 7, 1: 0, 2: 0, 3: 0, 4: 0}",1
268,False,"{'a': 0.6, 'e': 0.06764444722006466}",35,24,21.991968335324646,"{0: 11, 1: 0, 2: 0, 3: 0, 4: 0}",1
269,False,"{'a': 0.6, 'e': 0.066968002747864}",35,15,30.233009070626405,"{0: 19, 1: 1, 2: 0, 3: 0, 4: 0}",1
270,False,"{'a': 0.6, 'e': 0.06629832272038537}",25,16,15.078213896415141,"{0: 9, 1: 0, 2: 0, 3: 0, 4: 0}",1
271,False,"{'a': 0.6, 'e': 0.06563533949318151}",25,8,27.69779126080477,"{0: 17, 1: 0, 2: 0, 3: 0, 4: 0}",1
272,False,"{'a': 0.6, 'e': 0.06497898609824969}",30,8,39.83454461902202,"{0: 22, 1: 0, 2: 0, 3: 0, 4: 0}",1
273,False,"{'a': 0.6, 'e': 0.0643291962372672}",25,8,30.4939056010346,"{0: 17, 1: 0, 2: 0, 3: 0, 4: 0}",1
274,False,"{'a': 0.6, 'e': 0.06368590427489453}",25,2,15.472555532331778,"{0: 22, 1: 0, 2: 0, 3: 1, 4: 0}",1
275,False,"{'a': 0.6, 'e': 0.06304904523214558}",25,10,5.177883130774258,"{0: 14, 1: 0, 2: 0, 3: 1, 4: 0}",1
276,False,"{'a': 0.6, 'e': 0.06241855477982412}",25,16,15.671929746654621,"{0: 9, 1: 0, 2: 0, 3: 0, 4: 0}",1
277,False,"{'a': 0.6, 'e': 0.06179436923202588}",35,19,29.27718011364831,"{0: 16, 1: 0, 2: 0, 3: 0, 4: 0}",1
278,False,"{'a': 0.6, 'e': 0.06117642553970562}",20,12,18.97548634012464,"{0: 8, 1: 0, 2: 0, 3: 0, 4: 0}",1
279,False,"{'a': 0.6, 'e': 0.06056466128430856}",20,8,22.07958996406123,"{0: 12, 1: 0, 2: 0, 3: 0, 4: 0}",1
280,False,"{'a': 0.6, 'e': 0.05995901467146548}",25,13,23.53071627729747,"{0: 12, 1: 0, 2: 0, 3: 0, 4: 0}",1
281,False,"{'a': 0.6, 'e': 0.05935942452475082}",30,17,24.259861734130958,"{0: 13, 1: 0, 2: 0, 3: 0, 4: 0}",1
282,False,"{'a': 0.6, 'e': 0.058765830279503314}",20,5,28.90580390880884,"{0: 15, 1: 0, 2: 0, 3: 0, 4: 0}",1
283,False,"{'a': 0.6, 'e': 0.05817817197670828}",25,3,-6.421816022213281,"{0: 21, 1: 0, 2: 0, 3: 0, 4: 1}",1
284,False,"{'a': 0.6, 'e': 0.057596390256941195}",30,12,37.19332359021072,"{0: 18, 1: 0, 2: 0, 3: 0, 4: 0}",1
285,False,"{'a': 0.6, 'e': 0.05702042635437178}",25,11,25.84167018284478,"{0: 14, 1: 0, 2: 0, 3: 0, 4: 0}",1
286,False,"{'a': 0.6, 'e': 0.05645022209082806}",25,13,3.9740897298220825,"{0: 11, 1: 0, 2: 0, 3: 1, 4: 0}",1
287,False,"{'a': 0.6, 'e': 0.05588571986991978}",20,8,-30.677969370106247,"{0: 10, 1: 0, 2: 1, 3: 0, 4: 1}",1
288,False,"{'a': 0.6, 'e': 0.055326862671220584}",20,6,22.88956367623883,"{0: 14, 1: 0, 2: 0, 3: 0, 4: 0}",1
289,False,"{'a': 0.6, 'e': 0.05477359404450838}",20,6,27.382353201450208,"{0: 14, 1: 0, 2: 0, 3: 0, 4: 0}",1
290,False,"{'a': 0.6, 'e': 0.054225858104063294}",20,8,22.3799737043271,"{0: 12, 1: 0, 2: 0, 3: 0, 4: 0}",1
291,False,"{'a': 0.6, 'e': 0.05368359952302266}",20,5,29.468347201652293,"{0: 15, 1: 0, 2: 0, 3: 0, 4: 0}",1
292,False,"{'a': 0.6, 'e': 0.053146763527792434}",25,3,39.775790261790135,"{0: 22, 1: 0, 2: 0, 3: 0, 4: 0}",1
293,False,"{'a': 0.6, 'e': 0.052615295892514506}",20,10,18.285818442683777,"{0: 10, 1: 0, 2: 0, 3: 0, 4: 0}",1
294,False,"{'a': 0.6, 'e': 0.052089142933589364}",20,8,23.264675352849988,"{0: 12, 1: 0, 2: 0, 3: 0, 4: 0}",1
295,False,"{'a': 0.6, 'e': 0.05156825150425347}",30,22,17.349483430051297,"{0: 8, 1: 0, 2: 0, 3: 0, 4: 0}",1
296,False,"{'a': 0.6, 'e': 0.051052568989210935}",20,10,5.0948894068694575,"{0: 9, 1: 0, 2: 1, 3: 0, 4: 0}",1
297,False,"{'a': 0.6, 'e': 0.05054204329931883}",30,15,26.228730753970687,"{0: 15, 1: 0, 2: 0, 3: 0, 4: 0}",1
298,False,"{'a': 0.6, 'e': 0.05003662286632564}",25,13,20.876539455982734,"{0: 12, 1: 0, 2: 0, 3: 0, 4: 0}",1
299,False,"{'a': 0.6, 'e': 0.04953625663766238}",20,8,22.052804345590392,"{0: 12, 1: 0, 2: 0, 3: 0, 4: 0}",1
300,False,"{'a': 0.6, 'e': 0.04904089407128576}",25,10,28.337562450296637,"{0: 15, 1: 0, 2: 0, 3: 0, 4: 0}",1
301,False,"{'a': 0.6, 'e': 0.0485504851305729}",30,16,27.8893377119442,"{0: 14, 1: 0, 2: 0, 3: 0, 4: 0}",1
302,False,"{'a': 0.6, 'e': 0.048064980279267165}",25,19,10.62733518915666,"{0: 6, 1: 0, 2: 0, 3: 0, 4: 0}",1
303,False,"{'a': 0.6, 'e': 0.04758433047647449}",20,6,24.7756140609511,"{0: 14, 1: 0, 2: 0, 3: 0, 4: 0}",1
304,False,"{'a': 0.6, 'e': 0.04710848717170975}",30,21,17.554709388877928,"{0: 9, 1: 0, 2: 0, 3: 0, 4: 0}",1
305,False,"{'a': 0.6, 'e': 0.04663740229999265}",20,10,14.53847480115421,"{0: 10, 1: 0, 2: 0, 3: 0, 4: 0}",1
306,False,"{'a': 0.6, 'e': 0.04617102827699272}",30,19,20.792940875500392,"{0: 11, 1: 0, 2: 0, 3: 0, 4: 0}",1
307,False,"{'a': 0.6, 'e': 0.045709317994222794}",20,0,29.54835034909744,"{0: 20, 1: 0, 2: 0, 3: 0, 4: 0}",0
308,False,"{'a': 0.6, 'e': 0.04525222481428057}",20,6,22.431725069000613,"{0: 14, 1: 0, 2: 0, 3: 0, 4: 0}",1
309,False,"{'a': 0.6, 'e': 0.04479970256613776}",35,21,11.754735310637546,"{0: 13, 1: 0, 2: 1, 3: 0, 4: 0}",1
310,False,"{'a': 0.6, 'e': 0.04435170554047638}",20,11,15.186077538075711,"{0: 9, 1: 0, 2: 0, 3: 0, 4: 0}",1
311,False,"{'a': 0.6, 'e': 0.043908188485071616}",25,0,25.38788533314249,"{0: 24, 1: 0, 2: 1, 3: 0, 4: 0}",0
312,False,"{'a': 0.6, 'e': 0.0434691066002209}",20,5,27.501724683181237,"{0: 15, 1: 0, 2: 0, 3: 0, 4: 0}",1
313,False,"{'a': 0.6, 'e': 0.04303441553421869}",20,13,14.30551198937985,"{0: 7, 1: 0, 2: 0, 3: 0, 4: 0}",1
314,False,"{'a': 0.6, 'e': 0.0426040713788765}",20,12,14.028087524589198,"{0: 8, 1: 0, 2: 0, 3: 0, 4: 0}",1
315,False,"{'a': 0.6, 'e': 0.04217803066508773}",20,16,6.010692570360117,"{0: 4, 1: 0, 2: 0, 3: 0, 4: 0}",1
316,False,"{'a': 0.6, 'e': 0.04175625035843686}",25,18,14.307632233624162,"{0: 7, 1: 0, 2: 0, 3: 0, 4: 0}",1
317,False,"{'a': 0.6, 'e': 0.041338687854852486}",20,12,18.3558374979426,"{0: 8, 1: 0, 2: 0, 3: 0, 4: 0}",1
318,False,"{'a': 0.6, 'e': 0.04092530097630396}",25,2,36.77315179882503,"{0: 23, 1: 0, 2: 0, 3: 0, 4: 0}",1
319,False,"{'a': 0.6, 'e': 0.040516047966540916}",35,19,35.94381583721919,"{0: 16, 1: 0, 2: 0, 3: 0, 4: 0}",1
320,False,"{'a': 0.6, 'e': 0.04011088748687551}",20,11,18.05892756627253,"{0: 9, 1: 0, 2: 0, 3: 0, 4: 0}",1
321,False,"{'a': 0.6, 'e': 0.03970977861200675}",25,14,21.21342252446003,"{0: 11, 1: 0, 2: 0, 3: 0, 4: 0}",1
322,False,"{'a': 0.6, 'e': 0.03931268082588668}",20,14,11.93052395117021,"{0: 6, 1: 0, 2: 0, 3: 0, 4: 0}",1
323,False,"{'a': 0.6, 'e': 0.03891955401762781}",25,14,21.931463261749638,"{0: 11, 1: 0, 2: 0, 3: 0, 4: 0}",1
324,False,"{'a': 0.6, 'e': 0.03853035847745153}",20,8,22.89695193065605,"{0: 12, 1: 0, 2: 0, 3: 0, 4: 0}",1
325,False,"{'a': 0.6, 'e': 0.03814505489267701}",20,13,12.368718484454163,"{0: 7, 1: 0, 2: 0, 3: 0, 4: 0}",1
326,False,"{'a': 0.6, 'e': 0.03776360434375024}",25,11,26.00780155362779,"{0: 14, 1: 0, 2: 0, 3: 0, 4: 0}",1
327,False,"{'a': 0.6, 'e': 0.03738596830031274}",20,6,31.559429016271377,"{0: 14, 1: 0, 2: 0, 3: 0, 4: 0}",1
328,False,"{'a': 0.6, 'e': 0.03701210861730961}",20,13,13.605651858747464,"{0: 7, 1: 0, 2: 0, 3: 0, 4: 0}",1
329,False,"{'a': 0.6, 'e': 0.03664198753113651}",25,10,32.27720718905952,"{0: 15, 1: 0, 2: 0, 3: 0, 4: 0}",1
330,False,"{'a': 0.6, 'e': 0.036275567655825146}",30,21,20.60042556894527,"{0: 9, 1: 0, 2: 0, 3: 0, 4: 0}",1
331,False,"{'a': 0.6, 'e': 0.03591281197926689}",20,14,8.930946154165404,"{0: 6, 1: 0, 2: 0, 3: 0, 4: 0}",1
332,False,"{'a': 0.6, 'e': 0.035553683859474224}",25,15,17.66648822991793,"{0: 10, 1: 0, 2: 0, 3: 0, 4: 0}",1
333,False,"{'a': 0.6, 'e': 0.03519814702087948}",25,8,30.97307725189316,"{0: 17, 1: 0, 2: 0, 3: 0, 4: 0}",1
334,False,"{'a': 0.6, 'e': 0.03484616555067068}",35,17,-10.271559772503647,"{0: 17, 1: 0, 2: 0, 3: 0, 4: 1}",1
335,False,"{'a': 0.6, 'e': 0.034497703895163975}",20,16,8.091390700158803,"{0: 4, 1: 0, 2: 0, 3: 0, 4: 0}",1
336,False,"{'a': 0.6, 'e': 0.03415272685621234}",25,13,16.779920604510966,"{0: 12, 1: 0, 2: 0, 3: 0, 4: 0}",1
337,False,"{'a': 0.6, 'e': 0.03381119958765021}",25,16,16.892886926180893,"{0: 9, 1: 0, 2: 0, 3: 0, 4: 0}",1
338,False,"{'a': 0.6, 'e': 0.03347308759177371}",25,8,30.009139839186727,"{0: 17, 1: 0, 2: 0, 3: 0, 4: 0}",1
339,False,"{'a': 0.6, 'e': 0.03313835671585597}",20,2,19.311255112372518,"{0: 17, 1: 1, 2: 0, 3: 0, 4: 0}",1
340,False,"{'a': 0.6, 'e': 0.03280697314869741}",25,11,23.01377918974557,"{0: 14, 1: 0, 2: 0, 3: 0, 4: 0}",1
341,False,"{'a': 0.6, 'e': 0.032478903417210436}",20,11,5.010277006317652,"{0: 8, 1: 0, 2: 1, 3: 0, 4: 0}",1
342,False,"{'a': 0.6, 'e': 0.032154114383038335}",25,18,13.58560815927826,"{0: 7, 1: 0, 2: 0, 3: 0, 4: 0}",1
343,False,"{'a': 0.6, 'e': 0.03183257323920795}",30,18,22.00282230426123,"{0: 12, 1: 0, 2: 0, 3: 0, 4: 0}",1
344,False,"{'a': 0.6, 'e': 0.03151424750681587}",20,8,7.535579197926485,"{0: 11, 1: 0, 2: 1, 3: 0, 4: 0}",1
345,False,"{'a': 0.6, 'e': 0.03119910503174771}",30,22,6.765520720928383,"{0: 7, 1: 0, 2: 1, 3: 0, 4: 0}",1
346,False,"{'a': 0.6, 'e': 0.030887113981430233}",25,11,24.35018284480354,"{0: 14, 1: 0, 2: 0, 3: 0, 4: 0}",1
347,False,"{'a': 0.6, 'e': 0.03057824284161593}",25,15,15.325408469867543,"{0: 10, 1: 0, 2: 0, 3: 0, 4: 0}",1
348,False,"{'a': 0.6, 'e': 0.03027246041319977}",35,20,27.74343471823898,"{0: 15, 1: 0, 2: 0, 3: 0, 4: 0}",1
349,False,"{'a': 0.6, 'e': 0.029969735809067772}",25,19,13.335718185773157,"{0: 6, 1: 0, 2: 0, 3: 0, 4: 0}",1
350,False,"{'a': 0.6, 'e': 0.029670038450977095}",35,14,44.82195680521034,"{0: 21, 1: 0, 2: 0, 3: 0, 4: 0}",1
351,False,"{'a': 0.6, 'e': 0.029373338066467324}",25,11,28.52143024713074,"{0: 14, 1: 0, 2: 0, 3: 0, 4: 0}",1
352,False,"{'a': 0.6, 'e': 0.02907960468580265}",20,12,14.581614002084779,"{0: 8, 1: 0, 2: 0, 3: 0, 4: 0}",1
353,False,"{'a': 0.6, 'e': 0.028788808638944622}",20,14,13.711116697621605,"{0: 6, 1: 0, 2: 0, 3: 0, 4: 0}",1
354,False,"{'a': 0.6, 'e': 0.028500920552555174}",25,15,19.667011361267377,"{0: 10, 1: 0, 2: 0, 3: 0, 4: 0}",1
355,False,"{'a': 0.6, 'e': 0.028215911347029624}",20,10,17.272011556347476,"{0: 10, 1: 0, 2: 0, 3: 0, 4: 0}",1
356,False,"{'a': 0.6, 'e': 0.027933752233559327}",35,17,23.40474450062487,"{0: 17, 1: 0, 2: 1, 3: 0, 4: 0}",1
357,False,"{'a': 0.6, 'e': 0.027654414711223735}",20,9,-34.118642205557244,"{0: 9, 1: 0, 2: 1, 3: 0, 4: 1}",1
358,False,"{'a': 0.6, 'e': 0.027377870564111496}",25,11,29.28312248765955,"{0: 14, 1: 0, 2: 0, 3: 0, 4: 0}",1
359,False,"{'a': 0.6, 'e': 0.027104091858470382}",30,7,43.383589249757414,"{0: 23, 1: 0, 2: 0, 3: 0, 4: 0}",1
360,False,"{'a': 0.6, 'e': 0.026833050939885677}",30,17,24.07353945115723,"{0: 13, 1: 0, 2: 0, 3: 0, 4: 0}",1
361,False,"{'a': 0.6, 'e': 0.02656472043048682}",25,20,9.020054221431936,"{0: 5, 1: 0, 2: 0, 3: 0, 4: 0}",1
362,False,"{'a': 0.6, 'e': 0.02629907322618195}",30,16,27.12847927729193,"{0: 14, 1: 0, 2: 0, 3: 0, 4: 0}",1
363,False,"{'a': 0.6, 'e': 0.026036082493920133}",20,11,5.427402139383648,"{0: 8, 1: 0, 2: 1, 3: 0, 4: 0}",1
364,False,"{'a': 0.6, 'e': 0.02577572166898093}",25,6,31.443018516376263,"{0: 19, 1: 0, 2: 0, 3: 0, 4: 0}",1
365,False,"{'a': 0.6, 'e': 0.025517964452291122}",30,12,37.509209713961496,"{0: 18, 1: 0, 2: 0, 3: 0, 4: 0}",1
366,False,"{'a': 0.6, 'e': 0.02526278480776821}",20,13,12.225096370560834,"{0: 7, 1: 0, 2: 0, 3: 0, 4: 0}",1
367,False,"{'a': 0.6, 'e': 0.025010156959690527}",20,5,25.040682053636807,"{0: 15, 1: 0, 2: 0, 3: 0, 4: 0}",1
368,False,"{'a': 0.6, 'e': 0.02476005539009362}",20,16,8.902162716910865,"{0: 4, 1: 0, 2: 0, 3: 0, 4: 0}",1
369,False,"{'a': 0.6, 'e': 0.024512454836192684}",20,12,15.439310605698005,"{0: 8, 1: 0, 2: 0, 3: 0, 4: 0}",1
370,False,"{'a': 0.6, 'e': 0.024267330287830756}",30,19,20.08598708212395,"{0: 11, 1: 0, 2: 0, 3: 0, 4: 0}",1
371,False,"{'a': 0.6, 'e': 0.024024656984952448}",30,10,14.998380019325058,"{0: 19, 1: 0, 2: 0, 3: 1, 4: 0}",1
372,False,"{'a': 0.6, 'e': 0.023784410415102923}",20,10,18.49514378555326,"{0: 10, 1: 0, 2: 0, 3: 0, 4: 0}",1
373,False,"{'a': 0.6, 'e': 0.023546566310951894}",20,5,24.208407326624044,"{0: 15, 1: 0, 2: 0, 3: 0, 4: 0}",1
374,False,"{'a': 0.6, 'e': 0.023311100647842375}",20,6,29.10237828920169,"{0: 14, 1: 0, 2: 0, 3: 0, 4: 0}",1
375,False,"{'a': 0.6, 'e': 0.02307798964136395}",25,12,25.364480903262784,"{0: 13, 1: 0, 2: 0, 3: 0, 4: 0}",1
376,False,"{'a': 0.6, 'e': 0.022847209744950314}",25,11,23.502813597313573,"{0: 14, 1: 0, 2: 0, 3: 0, 4: 0}",1
377,False,"{'a': 0.6, 'e': 0.02261873764750081}",30,14,30.58738613413192,"{0: 16, 1: 0, 2: 0, 3: 0, 4: 0}",1
378,False,"{'a': 0.6, 'e': 0.022392550271025803}",20,4,28.141945432640004,"{0: 16, 1: 0, 2: 0, 3: 0, 4: 0}",1
379,False,"{'a': 0.6, 'e': 0.022168624768315544}",25,0,38.71712871376408,"{0: 25, 1: 0, 2: 0, 3: 0, 4: 0}",0
380,False,"{'a': 0.6, 'e': 0.02194693852063239}",25,7,-22.01717123249241,"{0: 16, 1: 0, 2: 1, 3: 0, 4: 1}",1
381,False,"{'a': 0.6, 'e': 0.021727469135426065}",25,5,34.4424338429563,"{0: 20, 1: 0, 2: 0, 3: 0, 4: 0}",1
382,False,"{'a': 0.6, 'e': 0.021510194444071803}",20,9,19.864693517943177,"{0: 11, 1: 0, 2: 0, 3: 0, 4: 0}",1
383,False,"{'a': 0.6, 'e': 0.021295092499631085}",30,13,29.737940068128694,"{0: 17, 1: 0, 2: 0, 3: 0, 4: 0}",1
384,False,"{'a': 0.6, 'e': 0.021082141574634772}",20,0,34.36875750747437,"{0: 20, 1: 0, 2: 0, 3: 0, 4: 0}",0
385,False,"{'a': 0.6, 'e': 0.020871320158888425}",20,16,8.799508246656874,"{0: 4, 1: 0, 2: 0, 3: 0, 4: 0}",1
386,False,"{'a': 0.6, 'e': 0.020662606957299542}",20,11,16.689688800639885,"{0: 9, 1: 0, 2: 0, 3: 0, 4: 0}",1
387,False,"{'a': 0.6, 'e': 0.020455980887726547}",25,11,27.9352998807039,"{0: 14, 1: 0, 2: 0, 3: 0, 4: 0}",1
388,False,"{'a': 0.6, 'e': 0.02025142107884928}",20,11,18.59828331562324,"{0: 9, 1: 0, 2: 0, 3: 0, 4: 0}",1
389,False,"{'a': 0.6, 'e': 0.020048906868060788}",25,7,31.330564536455,"{0: 18, 1: 0, 2: 0, 3: 0, 4: 0}",1
390,False,"{'a': 0.6, 'e': 0.01984841779938018}",25,11,26.827733530416392,"{0: 14, 1: 0, 2: 0, 3: 0, 4: 0}",1
1,True,"{'a': 0, 'e': 0}",25,15,16.031240803512663,"{0: 10, 1: 0, 2: 0, 3: 0, 4: 0}",1
2,True,"{'a': 0, 'e': 0}",35,13,36.27795353566004,"{0: 22, 1: 0, 2: 0, 3: 0, 4: 0}",1
3,True,"{'a': 0, 'e': 0}",20,3,30.966672472373933,"{0: 17, 1: 0, 2: 0, 3: 0, 4: 0}",1
4,True,"{'a': 0, 'e': 0}",20,12,13.63552145212602,"{0: 8, 1: 0, 2: 0, 3: 0, 4: 0}",1
5,True,"{'a': 0, 'e': 0}",30,14,30.681112429628296,"{0: 16, 1: 0, 2: 0, 3: 0, 4: 0}",1
6,True,"{'a': 0, 'e': 0}",20,8,25.957272223628454,"{0: 12, 1: 0, 2: 0, 3: 0, 4: 0}",1
7,True,"{'a': 0, 'e': 0}",25,13,20.272395554121836,"{0: 12, 1: 0, 2: 0, 3: 0, 4: 0}",1
8,True,"{'a': 0, 'e': 0}",20,8,22.793445902136437,"{0: 12, 1: 0, 2: 0, 3: 0, 4: 0}",1
9,True,"{'a': 0, 'e': 0}",20,13,13.244235668111997,"{0: 7, 1: 0, 2: 0, 3: 0, 4: 0}",1
10,True,"{'a': 0, 'e': 0}",25,11,23.42302293699908,"{0: 14, 1: 0, 2: 0, 3: 0, 4: 0}",1
11,True,"{'a': 0, 'e': 0}",20,2,34.02652764442031,"{0: 18, 1: 0, 2: 0, 3: 0, 4: 0}",1
12,True,"{'a': 0, 'e': 0}",20,10,17.428197317588364,"{0: 10, 1: 0, 2: 0, 3: 0, 4: 0}",1
13,True,"{'a': 0, 'e': 0}",30,19,22.70114653099863,"{0: 11, 1: 0, 2: 0, 3: 0, 4: 0}",1
14,True,"{'a': 0, 'e': 0}",25,18,12.660759985580786,"{0: 7, 1: 0, 2: 0, 3: 0, 4: 0}",1
15,True,"{'a': 0, 'e': 0}",20,8,22.731180345262334,"{0: 12, 1: 0, 2: 0, 3: 0, 4: 0}",1
16,True,"{'a': 0, 'e': 0}",20,10,19.821154372021216,"{0: 10, 1: 0, 2: 0, 3: 0, 4: 0}",1
17,True,"{'a': 0, 'e': 0}",25,7,32.02412445115824,"{0: 18, 1: 0, 2: 0, 3: 0, 4: 0}",1
18,True,"{'a': 0, 'e': 0}",20,8,-1.2536016442933668,"{0: 11, 1: 0, 2: 0, 3: 1, 4: 0}",1
19,True,"{'a': 0, 'e': 0}",20,7,24.348674833693725,"{0: 13, 1: 0, 2: 0, 3: 0, 4: 0}",1
20,True,"{'a': 0, 'e': 0}",25,15,19.614424415084123,"{0: 10, 1: 0, 2: 0, 3: 0, 4: 0}",1
